{
  "name": "",
  "version": "1.0.0",
  "requires": [
    "w320dp",
    "spatial-tracking"
  ],
  "experiences": [
    {
      "vumark": "",
      "experienceType": "none",
      "id": 1,
      "index-keys": [],
      "title": {
        "en": "XWingAssembly"
      },
      "description": {
        "en": "A small example project which shows a step-by-step instruction with an X-Wing toy.",
        "en-US": "A small example project which shows a step-by-step instruction with an X-Wing toy."
      },
      "requires": [
        "AR-tracking"
      ],
      "tags": [],
      "icon": "",
      "viewName": "Home",
      "url-template": "index.html?expId=1",
      "entryPoint": "index.html?expId=1",
      "thumbnail": "",
      "thingTemplateName": ""
    }
  ],
  "accessType": "public",
  "designedfor": [
    "offline"
  ]
}
