{
  "attributes": {
    "twx-widget": "",
    "widget-id": "view-1",
    "widget-name": "view-1",
    "is-widget-container": "true",
    "viewtype": "ar"
  },
  "children": [
    {
      "name": "twx-container-content",
      "children": [
        {
          "attributes": {
            "twx-widget": "",
            "widget-id": "3DContainer-1",
            "widget-name": "3D Container",
            "is-widget-container": "true",
            "enabletrackingevents": "true"
          },
          "name": "twx-dt-view",
          "children": [
            {
              "name": "twx-container-content",
              "children": [
                {
                  "attributes": {
                    "twx-widget": "",
                    "widget-id": "3DButton-1",
                    "widget-name": "3DButton-1",
                    "click-expression": "app.prevStep()",
                    "text": "Prev",
                    "x": "-0.1",
                    "y": "0.05",
                    "rx": "0.00",
                    "ry": "0.00",
                    "rz": "0.00"
                  },
                  "name": "twx-dt-3dbutton"
                },
                {
                  "attributes": {
                    "twx-widget": "",
                    "widget-id": "3DButton-2",
                    "widget-name": "3DButton-2",
                    "click-expression": "app.nextStep()",
                    "text": "Next",
                    "x": "0.1",
                    "y": "0.0501",
                    "rx": "0.00",
                    "ry": "0.00",
                    "rz": "0.00"
                  },
                  "name": "twx-dt-3dbutton"
                },
                {
                  "attributes": {
                    "twx-widget": "",
                    "widget-id": "3DButton-3",
                    "widget-name": "3DButton-3",
                    "click-expression": "app.audioControl();",
                    "text": "Pause",
                    "y": "0.16",
                    "rx": "0.00",
                    "ry": "0.00",
                    "rz": "0.00"
                  },
                  "name": "twx-dt-3dbutton"
                },
                {
                  "attributes": {
                    "twx-widget": "",
                    "widget-id": "3DLabel-1",
                    "state-format-value": "text",
                    "widget-name": "3DLabel-1",
                    "text": "00:00 / 00:00",
                    "scale": "1.0000",
                    "x": "-0.1335",
                    "y": "0.1100",
                    "z": "0.01",
                    "rx": "0.00",
                    "ry": "0.00",
                    "rz": "0.00",
                    "pivot": "4"
                  },
                  "name": "twx-dt-label"
                }
              ]
            }
          ]
        }
      ]
    },
    {
      "name": "twx-fragment-parameters"
    },
    {
      "name": "twx-view-data"
    }
  ],
  "name": "twx-view"
}
