{
  "attributes": {
    "twx-widget": "",
    "widget-id": "view-1",
    "widget-name": "view-1",
    "is-widget-container": "true",
    "viewtype": "ar"
  },
  "children": [
    {
      "name": "twx-container-content",
      "children": [
        {
          "attributes": {
            "twx-widget": "",
            "widget-id": "3DContainer-1",
            "widget-name": "3D Container",
            "is-widget-container": "true",
            "dropshadow": "true"
          },
          "name": "twx-dt-view",
          "children": [
            {
              "name": "twx-container-content",
              "children": [
                {
                  "attributes": {
                    "twx-widget": "",
                    "widget-id": "spatialTarget-1",
                    "widget-name": "Spatial Target",
                    "rx": "-90"
                  },
                  "name": "twx-dt-target-spatial"
                },
                {
                  "attributes": {
                    "twx-widget": "",
                    "widget-id": "model-1",
                    "widget-name": "X-Wing Squadron Model",
                    "playstopped-expression": "sequenceFinished();",
                    "is-widget-container": "true",
                    "src": "Uploaded/xwingfighter.pvz",
                    "scale": "1.0000",
                    "x": "0.0556",
                    "y": "-0.0005",
                    "z": "-0.0197",
                    "rx": "0.00",
                    "ry": "0.00",
                    "rz": "0.00",
                    "sequence": "Uploaded/l-Creo 3D - assembly.pvi"
                  },
                  "name": "twx-dt-model",
                  "children": [
                    {
                      "name": "twx-container-content"
                    }
                  ]
                }
              ]
            }
          ]
        },
        {
          "attributes": {
            "twx-widget": "",
            "widget-id": "2DOverlay-1",
            "widget-name": "2D Overlay",
            "is-widget-container": "true"
          },
          "name": "twx-overlay",
          "children": [
            {
              "name": "twx-container-content",
              "children": [
                {
                  "attributes": {
                    "twx-widget": "",
                    "widget-id": "panel-1",
                    "widget-name": "Top Panel",
                    "is-widget-container": "true",
                    "position": "top"
                  },
                  "name": "twx-overlay-container",
                  "children": [
                    {
                      "name": "twx-container-content",
                      "children": [
                        {
                          "attributes": {
                            "twx-widget": "",
                            "widget-id": "gridLayout-2",
                            "widget-name": "gridLayout-2",
                            "is-widget-container": "true",
                            "class": "header"
                          },
                          "name": "twx-gridlayout",
                          "children": [
                            {
                              "name": "twx-container-content",
                              "children": [
                                {
                                  "attributes": {
                                    "twx-widget": "",
                                    "widget-id": "row-3",
                                    "widget-name": "row-3",
                                    "is-widget-container": "true",
                                    "rowclass": "header"
                                  },
                                  "name": "twx-row",
                                  "children": [
                                    {
                                      "name": "twx-container-content",
                                      "children": [
                                        {
                                          "attributes": {
                                            "twx-widget": "",
                                            "widget-id": "column-11",
                                            "widget-name": "column-11",
                                            "is-widget-container": "true"
                                          },
                                          "name": "twx-col",
                                          "children": [
                                            {
                                              "name": "twx-container-content",
                                              "children": [
                                                {
                                                  "attributes": {
                                                    "twx-widget": "",
                                                    "widget-id": "label-1",
                                                    "state-format-value": "text",
                                                    "widget-name": "titleLabel",
                                                    "class": "title"
                                                  },
                                                  "name": "twx-label",
                                                  "children": [
                                                    {
                                                      "attributes": {
                                                        "databind-id": "db-1585657439249",
                                                        "source-type": "data",
                                                        "source-name": "stepTitle",
                                                        "source-item-type": "value",
                                                        "source-item-name": "stepTitle",
                                                        "binding-type": "custom_field",
                                                        "from-expression": "app.params['stepTitle']",
                                                        "to-property": "text"
                                                      },
                                                      "name": "twx-databind"
                                                    }
                                                  ]
                                                }
                                              ]
                                            }
                                          ]
                                        }
                                      ]
                                    }
                                  ]
                                },
                                {
                                  "attributes": {
                                    "twx-widget": "",
                                    "widget-id": "row-2",
                                    "widget-name": "row-2",
                                    "is-widget-container": "true",
                                    "rowclass": "header"
                                  },
                                  "name": "twx-row",
                                  "children": [
                                    {
                                      "name": "twx-container-content",
                                      "children": [
                                        {
                                          "attributes": {
                                            "twx-widget": "",
                                            "widget-id": "column-12",
                                            "widget-name": "column-12",
                                            "is-widget-container": "true"
                                          },
                                          "name": "twx-col",
                                          "children": [
                                            {
                                              "name": "twx-container-content",
                                              "children": [
                                                {
                                                  "attributes": {
                                                    "twx-widget": "",
                                                    "widget-id": "label-2",
                                                    "state-format-value": "text",
                                                    "widget-name": "descriptionLabel",
                                                    "class": "description"
                                                  },
                                                  "name": "twx-label",
                                                  "children": [
                                                    {
                                                      "attributes": {
                                                        "databind-id": "db-1585657435657",
                                                        "source-type": "data",
                                                        "source-name": "stepDescription",
                                                        "source-item-type": "value",
                                                        "source-item-name": "stepDescription",
                                                        "binding-type": "custom_field",
                                                        "from-expression": "app.params['stepDescription']",
                                                        "to-property": "text"
                                                      },
                                                      "name": "twx-databind"
                                                    }
                                                  ]
                                                }
                                              ]
                                            }
                                          ]
                                        }
                                      ]
                                    }
                                  ]
                                }
                              ]
                            }
                          ]
                        }
                      ]
                    }
                  ]
                },
                {
                  "attributes": {
                    "twx-widget": "",
                    "widget-id": "2DOverlayBody-1",
                    "widget-name": "2D Body",
                    "is-widget-container": "true"
                  },
                  "name": "twx-overlay-body",
                  "children": [
                    {
                      "name": "twx-container-content",
                      "children": [
                        {
                          "attributes": {
                            "twx-widget": "",
                            "widget-id": "panel-2",
                            "widget-name": "Left Panel",
                            "is-widget-container": "true",
                            "position": "left"
                          },
                          "name": "twx-overlay-container",
                          "children": [
                            {
                              "name": "twx-container-content"
                            }
                          ]
                        },
                        {
                          "attributes": {
                            "twx-widget": "",
                            "widget-id": "panel-3",
                            "widget-name": "Center Panel",
                            "is-widget-container": "true",
                            "position": "center"
                          },
                          "name": "twx-overlay-container",
                          "children": [
                            {
                              "name": "twx-container-content"
                            }
                          ]
                        },
                        {
                          "attributes": {
                            "twx-widget": "",
                            "widget-id": "panel-4",
                            "widget-name": "Right Panel",
                            "is-widget-container": "true",
                            "position": "right"
                          },
                          "name": "twx-overlay-container",
                          "children": [
                            {
                              "name": "twx-container-content"
                            }
                          ]
                        }
                      ]
                    }
                  ]
                },
                {
                  "attributes": {
                    "twx-widget": "",
                    "widget-id": "panel-5",
                    "widget-name": "Bottom Panel",
                    "is-widget-container": "true",
                    "position": "bottom"
                  },
                  "name": "twx-overlay-container",
                  "children": [
                    {
                      "name": "twx-container-content",
                      "children": [
                        {
                          "attributes": {
                            "twx-widget": "",
                            "widget-id": "gridLayout-1",
                            "widget-name": "gridLayout-1",
                            "is-widget-container": "true"
                          },
                          "name": "twx-gridlayout",
                          "children": [
                            {
                              "name": "twx-container-content",
                              "children": [
                                {
                                  "attributes": {
                                    "twx-widget": "",
                                    "widget-id": "row-1",
                                    "widget-name": "row-1",
                                    "is-widget-container": "true"
                                  },
                                  "name": "twx-row",
                                  "children": [
                                    {
                                      "name": "twx-container-content",
                                      "children": [
                                        {
                                          "attributes": {
                                            "twx-widget": "",
                                            "widget-id": "column-2",
                                            "widget-name": "column-2",
                                            "is-widget-container": "true",
                                            "alignment": "center",
                                            "padding": "30px"
                                          },
                                          "name": "twx-col",
                                          "children": [
                                            {
                                              "name": "twx-container-content",
                                              "children": [
                                                {
                                                  "attributes": {
                                                    "twx-widget": "",
                                                    "widget-id": "previousStepBtn",
                                                    "disabled": "true",
                                                    "widget-name": "previousStepBtn",
                                                    "click-expression": "previousStep();",
                                                    "text": "Go Back",
                                                    "class": "button"
                                                  },
                                                  "name": "twx-button",
                                                  "children": [
                                                    {
                                                      "attributes": {
                                                        "databind-id": "db-1585658936191",
                                                        "source-type": "data",
                                                        "source-name": "previousStepBtn",
                                                        "source-item-type": "value",
                                                        "source-item-name": "previousBtnActive",
                                                        "binding-type": "custom_field",
                                                        "from-expression": "app.params['previousBtnActive']",
                                                        "to-property": "disabled"
                                                      },
                                                      "name": "twx-databind"
                                                    }
                                                  ]
                                                }
                                              ]
                                            }
                                          ]
                                        },
                                        {
                                          "attributes": {
                                            "twx-widget": "",
                                            "widget-id": "column-3",
                                            "widget-name": "column-3",
                                            "is-widget-container": "true",
                                            "alignment": "center",
                                            "padding": "30px"
                                          },
                                          "name": "twx-col",
                                          "children": [
                                            {
                                              "name": "twx-container-content",
                                              "children": [
                                                {
                                                  "attributes": {
                                                    "twx-widget": "",
                                                    "widget-id": "nextStepBtn",
                                                    "widget-name": "nextStepBtn",
                                                    "click-expression": "nextStep();",
                                                    "text": "Next Step",
                                                    "class": "button"
                                                  },
                                                  "name": "twx-button",
                                                  "children": [
                                                    {
                                                      "attributes": {
                                                        "databind-id": "db-1585658949078",
                                                        "source-type": "data",
                                                        "source-name": "nextStepBtn",
                                                        "source-item-type": "value",
                                                        "source-item-name": "nextBtnActive",
                                                        "binding-type": "custom_field",
                                                        "from-expression": "app.params['nextBtnActive']",
                                                        "to-property": "disabled"
                                                      },
                                                      "name": "twx-databind"
                                                    }
                                                  ]
                                                }
                                              ]
                                            }
                                          ]
                                        }
                                      ]
                                    }
                                  ]
                                }
                              ]
                            }
                          ]
                        }
                      ]
                    }
                  ]
                }
              ]
            }
          ]
        }
      ]
    },
    {
      "name": "twx-fragment-parameters"
    },
    {
      "name": "twx-view-data"
    }
  ],
  "name": "twx-view"
}
