{
  "name": "",
  "version": "1.0.0",
  "requires": [
    "w320dp"
  ],
  "experiences": [
    {
      "vumark": "",
      "experienceType": "none",
      "id": 1,
      "index-keys": [],
      "title": {
        "en": "Gestures"
      },
      "description": {
        "en": "",
        "en-US": ""
      },
      "requires": [
        "AR-tracking"
      ],
      "tags": [],
      "icon": "",
      "viewName": "Home",
      "url-template": "index.html?expId=1",
      "entryPoint": "index.html?expId=1",
      "thumbnail": "",
      "thingTemplateName": ""
    }
  ],
  "accessType": "private",
  "designedfor": []
}
